Formula,SG,N_atoms,gemini-3-pro_parse,gemini-3-pro_match,claude-opus-4-6_parse,claude-opus-4-6_match,gpt-5-chat_parse,gpt-5-chat_match
C,166,4,âœ“,âœ—,âœ“,âœ—,âœ—,âœ—
Si,227,2,âœ—,âœ—,âœ“,âœ“,âœ—,âœ—
GaAs,216,2,âœ“,âœ“,âœ“,âœ“,âœ“,âœ—
ZnO,186,4,âœ“,âœ—,âœ“,âœ“,âœ“,âœ—
BN,194,4,âœ—,âœ—,âœ“,âœ—,âœ“,âœ—
LiCoO2,227,16,âœ“,âœ—,âœ“,âœ—,âœ“,âœ—
Bi2Te3,166,5,âœ“,âœ“,âœ“,âœ“,âœ“,âœ—
Ba(FeAs)2,139,5,âœ“,âœ“,âœ“,âœ“,âœ“,âœ—
SiO2,122,6,âœ“,âœ—,âœ“,âœ—,âœ“,âœ—
VO2,136,6,âœ“,âœ—,âœ“,âœ“,âœ—,âœ—
La2CuO4,139,7,âœ“,âœ—,âœ“,âœ—,âœ“,âœ—
LiPF6,148,8,âœ“,âœ“,âœ“,âœ—,âœ“,âœ—
Al2O3,167,10,âœ“,âœ—,âœ“,âœ“,âœ“,âœ—
SrTiO3,140,10,âœ“,âœ—,âœ“,âœ—,âœ“,âœ—
CaCO3,167,10,âœ—,âœ—,âœ“,âœ“,âœ“,âœ—
TiO2,12,12,âœ“,âœ—,âœ“,âœ—,âœ—,âœ—
ZrO2,14,12,âœ“,âœ“,âœ“,âœ“,âœ“,âœ—
ZrTe5,63,12,âœ“,âœ“,âœ“,âœ—,âœ“,âœ—
V2O5,59,14,âœ—,âœ—,âœ“,âœ—,âœ“,âœ—
Si3N4,176,14,âœ“,âœ“,âœ“,âœ—,âœ“,âœ—
Fe3O4,227,14,âœ“,âœ—,âœ“,âœ—,âœ“,âœ—
Mn(FeO2)2,227,14,âœ—,âœ—,âœ“,âœ—,âœ“,âœ—
ZnSb,61,16,âœ“,âœ“,âœ“,âœ—,âœ“,âœ—
CoSb3,204,16,âœ“,âœ—,âœ“,âœ“,âœ“,âœ—
LiBF4,152,18,âœ“,âœ—,âœ“,âœ—,âœ—,âœ—
Y2Co17,166,19,âœ“,âœ“,âœ“,âœ—,âœ“,âœ—
GeH4,13,20,âœ“,âœ—,âœ“,âœ—,âœ“,âœ—
CsPbI3,62,20,âœ“,âœ—,âœ“,âœ—,âœ“,âœ—
NaCaAlPHO5F2,11,24,âœ—,âœ—,âœ“,âœ—,âœ—,âœ—
LiFePO4,62,28,âœ“,âœ“,âœ“,âœ“,âœ“,âœ—
Cu12Sb4S13,217,29,âœ“,âœ“,âœ“,âœ—,âœ“,âœ—
MgB7,74,32,âœ“,âœ—,âœ—,âœ—,âœ“,âœ—
Li3PS4,62,32,âœ“,âœ—,âœ“,âœ—,âœ—,âœ—
Cd3As2,142,80,âœ—,âœ—,âœ—,âœ—,âœ“,âœ—
Li4Ti5O12,15,42,âœ“,âœ—,âœ—,âœ—,âœ“,âœ—
Ba2CaSi4(BO7)2,121,46,âœ—,âœ—,âœ—,âœ—,âœ“,âœ—
Ag8GeS6,33,60,âœ“,âœ—,âœ“,âœ—,âœ“,âœ—
Nd2Fe14B,136,68,âœ“,âœ—,âœ“,âœ—,âœ“,âœ—
Y3Al5O12,230,80,âœ“,âœ—,âœ“,âœ—,âœ“,âœ—
Ca14MnSb11,142,104,âœ—,âœ—,âœ—,âœ—,âœ“,âœ—
